Unnamed: 0,Questions,Correct,A,B,C,D,Concept,Difficulty
0,"  Knowing that Vijay's expenditure for first 3 days is Rs. 100, Rs. 125 and Rs. 85, what is his 4th day expenditure as his 4 days average expenditure Rs. 90?",Rs. 50,Rs. 220,Rs. 60,Rs. 50,Rs. 90,,
1," Without considering the salary of the boss, the average salary reduces by Rs. 1000. What will be salary of boss if average salary of 11 employees and the boss is Rs. 18000?",Rs. 29000,Rs. 30000,Rs. 27000,Rs. 36000,Rs. 29000,,
2,"  What will be average price of all the goods bought, if Ajay buys 30 erasers for Rs. 3 each, 35 chocolates for Rs. 10 each and 25 clips at the rate of Rs. 4 each?",Rs. 6,Rs. 9,Rs. 6,Rs. 5.5,Rs. 8.25,,
3, How much will be the average of the squares of natural numbers from 1 to 35?,426,612.5,1225,426,324,,
4, Find average of natural numbers from 1 to 65?,33,33,32.5,130,65,,
5," If the sum of three consecutive even numbers is 44 more than the average of these numbers, then the largest of these numbers is?",24,20,24,22,None of these,,
6, The average of 5 quantities is 6. The average of 3 of them is 4. What is the average of remaining 2 numbers?,9,9,10,8,9.5,,
7,  Average age of 7 family members is 75 years. But average age of 6 of them is 74 years 6 months. What is the age of the 7th family member?,78,75.5,78,68,80,,
8,  Average age of 5 people is 42 years. Another group has 8 people who have average age of 81 years. When both groups are mixed what is average age of all people?,66 years,64 years,66 years,61.5 years,70 years,,
9,  Average age of 5 people in a family is 55 years. However it is seen that 3 of the 5 people also have an average age of 55 years. What will be the average age of remaining two people of the family?,55 years,82.5 years,27.5 years,55 years,110 years,,
10,"  Which of the following exactly denotes the average price of all the goods together if, Ramesh buys â€˜aâ€™ number of goods of type â€˜Aâ€™ at price of Rs. â€˜Eâ€™ each, â€˜bâ€™ number of goods of type â€˜Bâ€™ at price of Rs. â€˜Fâ€™ each and â€˜câ€™ number of goods of type â€˜Câ€™ at price of Rs. â€˜Gâ€™ each?",(aE+bF+cG) / (a+b+c),(E+F+G) / (a+b+c),(AE+BF+CG) / (a+b+c),(aE+bF+cG) / (a+b+c),(aA+bB+cC) / (a+b+c),,
11,"  The average of fifty numbers is 28. If two numbers, namely 25 and 35 are discarded, the average of the remaining numbers is nearly,",27.92,29.27,27.92,27.29,29.72,,
12,  The average of three numbers is 77. The first number is twice the second and the second number is twice the third. Find the first number.,132,33,66,77,132,,
13," Average age of A and B is 30 years, that of B and C is 32 years and the average age of C and A is 34 years. The age of C is",36 years,33 years,34 years,35 years,36 years,,
14,"  3 boxes have some average weight. When one box which weighs 89 kg is replaced by another box, the average weight increases by 5 kg. How much the new box weighs?",104 kg,109 kg,94 kg,104 kg,84 kg,,
15," A batsman played 11 innings and has a certain average. This average increases by 2 runs when his 3 innings of 32 runs, 33 runs and 34 runs are replaced by 3 other innings. Find the average of these 3 new innings.",40 (1/3) runs,40 runs,35 (3/8) runs,42 (3/8) runs,40 (1/3) runs,,
16,"  Of the 20 cycles sold by Ajay, average cost of 12 cycles is Rs. 18000. In total he earned Rs. 300000. What was the average cost of remaining cycles?",Rs. 10500,Rs. 10500,Rs. 7500,Rs. 9125,Rs. 9750,,
17," Had Ajay scored 18 runs more in his 3rd innings and 4 runs more in his 7th innings, his average would have become 66 runs. But it is 64 runs. How many innings did he play?",11,15,10,12,11,,
18,"  What will be the ratio of number of history books to number of geography books, if average number of pages of all books is 158, average number of pages of all history books is 164 and average number of pages of geography books 154?",2:3,3:5,5:3,2:3,3:2,,
19,  The average of first 17 multiples of 13 is,117,110.5,117,221,111,,
20,"  In the India-Australia one day match, due to rain, India needed 324 runs in 48 overs to win. In initial 10 overs, the average scoring rate was 6, but in next 10 overs it increased to 8.5. It then declined to 5.5 in next 10 overs and again rose to 7 in next 10 overs. To win the match now what average is needed?",6.75,8.25,6.75,7.75,7.0,,
21,"  In a group of people, the oldest and the youngest have an age difference of 100 years. If these two are left out of counting, then the average age of the remaining 40 people is 28. The average age of entire group being 30, how old is the eldest person?",120 years,101 years,115 years,120 years,103 years,,
22,"  The average weight of three boys P, Q and R is 54 kg, while the average weight of three boys Q, S and T is 60 kg. What is the average weight of P, Q, R, S and T?",Data Inadequate,66.4 kg,63.2 kg,58.8 kg,Data Inadequate,,
23,"  If from a group of 5 people, an old member is replaced by a new one, the average age is same as it was 3 years ago. What is the difference between the ages of the old member and the new one?",15,12,15,11,18,,
24,"  The batting average of a particular batsman is 60 runs in 46 innings. If the difference in his highest and lowest score is 150 runs and his average excluding these two innings is 58 runs, find his highest score.",179,179,208,210,None of these,,
25,"  Vijay says that his weight is between 75kg and 85kg. But his sister says that his weight is between 70kg and 80kg. his mother says that his weight cannot be greater than 78kg. If all the three predictions are correct, what is the average of different probable weights of Vijay?",76.5,75,80,78.5,76.5,,
26,  Determine a manâ€™s present age if his present age is 125% of his age 10 years ago and 83.333% of his age 10 years from now.,50 years,40 years,50 years,60 years,70 years,,
27,  Average score for Virat Kohli in a series of 10 matches is 38.9 runs. If the average for first six matches comes out to be 42 what is his average in the last 4 matches of the series?,34.25,34.25,35,33.25,34.25,,
28,  The average weight of 8 persons is increased by 2.5 kg when one of them who weighs 56 kg is replaced by a new man. The weight of the new man is,76 years,76 years,72 years,78 years,None of these,,
29,  Average of six numbers comes out to be 3.95. Average of two of the numbers is 3.4 while the average of other two is 3.85. Determine the average of the two numbers left.,4.6,4.7,4.8,4.3,4.6,,
30,  The product of two positive numbers is 4752 and their ratio is 11:12. The smaller of these numbers is,66,72,60,66,75,,
31,  a:b = 3:7 and b:c = 9:5. What is a:b:c?,27: 63:35,3:15:5,21:16:45,3:7:5,27: 63:35,,
32,  Find the mean proportional between 7 and 63?,21,35,21,27,30,,
33,"  If a : b = 2 : 3, find the value of (3a + 5b) : (3a â€“ b)",7 : 1,2 : 7,7 : 1,2 : 5,4 : 9,,
34,"  The ratio of two numbers is 5:9. If each number is decreased by 5, the ratio becomes 5:11. Find the numbers.","15, 27","30, 19","21, 37","15, 34","15, 27",,
35,"  Two kinds of rice, 1st costs Rs.13 per kg and 2nd costs Rs.19 per kg are mixed together. Find the ratio in which the 2 types are mixed so that the mixture costs Rs.14.2 per kg?",4:1,3:1,4:1,3:4,4:3,,
36,"  What is the fourth proportional to the numbers 2, 5, 8.",20,40,20,15,10,,
37,  a:b = 5:2. What is the value of (8a + 9b): (8a + 2b)?,29:22,22:29,26:61,29:22,61:26,,
38,  Ratio of areas of incircle and circumcircle of an equilateral triangle is?,1:4,1:4,1:2,2:1,2:3,,
39,"  A sum of money was to be divided amongst A and B in the ratio of 2:3. If the money is divided in the ratio of 3: 2, A will benefit by Rs. 75. The total money is",Rs. 375,Rs. 325,Rs. 225,Rs. 250,Rs. 375,,
40,"  In a library, the ratio of number of story books to that of non-story books was 4:3 and total number of story books was 1248. When some more story books were bought, the ratio became 5:3. Find the number of story books bought.",312,312,321,936,1560,,
41,"  Rs. 8400 is divided among A, B, C and D in such a way that the shares of A and B, B and C, and C and D are in the ratios of 2:3, 4:5 and 6:7 respectively. The share of A is",Rs. 1280,Rs. 1280,Rs. 8400,Rs. 8210,Rs. 1320,,
42,  The ratio of the present age of father to that of son is 7:2. After 10 years their ages will be in the ratio of 9:4. The present ages of the father is,35 years,35 years,40 years,30 years,25 years,,
43,"  Ajay and Raj together have Rs. 1050. On taking Rs. 150 from Ajay, Ajay will have same amount as what Raj had earlier. Find the ratio of amounts with Ajay and Raj initially.",4:3,3:4,7:1,1:3,4:3,,
44,"  Price of each article of type P, Q, and R is Rs. 300, Rs. 180 and Rs. 120 respectively. Suresh buys articles of each type in the ratio 3:2:3 in Rs. 6480. How many articles of type Q did he purchase?",8,8,14,20,None of the above,,
45,  The ratio of market prices of wheat and paddy is 2:3 and the ratio of quantities consumed in a family is 5:4. Find the ratio of expenditure of wheat and paddy.,5:6,6:5,5:6,1:1,8:15,,
46,"  The ratio of numbers of girls and boys participating in sports of a school is 4:5. If the number of girls is 212, determine the number of boys participating in the sports.",265,256,265,251,263,,
47,  The three numbers are in the ratio 1/2 : 2/3 : 3/4. The difference between greatest and smallest numbers is 36. Find the numbers.,"72, 84, 108","72, 84, 108","60, 72, 96","72, 84, 96","72, 96, 108",,
48,"  If A:B = 2:3, B:C = 4:5 and C:D = 6:7, then A:B:C:D is",16:24:30:35,18:24:30:35,16:24:30:35,16:22:30:35,16:24:15:35,,
49,  Find A:B:C:D when A:B = 2:3 ; B:C = 7:9 ; C:D = 5:7,70 : 105 : 135 : 189,70 : 105 : 135 : 189,105 : 115 : 236 :189,70 : 124 : 155 : 201,12 : 78 : 256 : 189,,
50,  285 is summation of 3 numbers. Ratio between 2nd and 3rd numbers is 6:5. Ratio between 1st and 2nd numbers is 3:7. The 3rd number is?,105,135,150,124,105,,
51,"  Shruti purchased several number of three articles P, Q and R in the proportion 3 : 2 : 3. If the unit costs of the articles P, Q and R are 200, Rs. 90 and Rs. 60 respectively, how many articles of Q must have been purchased in the total purchases of Rs. 4800?",10,8,10,12,14,,
52,"  In what ratio should the profit be divided if M, N, O invests capital in ratio 2:3:5 and their timing of their investments are in the ratio 4:5:6.",8:15:30,8:15:30,5:18:28,4:5:6,2:3:5,,
53,"   If the ratio of present ages of Jeet and Jay is 5:7 and after 6 years the ratio will be 3:4, what is the present age of Jay?",42,42,30,36,None of these,,
54,"  Find the value of x when y = 5, if x varies directly as 4y-1 and x = 14 when y = 2.",38,38,35,10,28,,
55,"  The third proportional to x2-y2, x-y is?",x â€“ y/(x + y),x + y,x â€“ y,x â€“ y/(x + y),1,,
56,"  A, B and C distribute Rs. 1,000 among them. A and C have Rs. 400, B and C Rs. 700. How much does C have?",Rs 100,Rs 100,Rs 50,Rs 200,Rs 300,,
57,"  Determine the number which should be subtracted from (14, 17) and (34, 42) to make remainders in same ratio?",2,1,2,4,7,,
58,  In what ratio must one add water to milk so as to gain 16.666% on the selling this mixture at the cost price?,1:6,1:6,1:3,6:1,3:1,,
59,  A number is multiplied by its one-third to get 192. Find the number.,24,16,20,24,28,,
60,  Summation of 5 consecutive numbers is found out to be 335. If we add the largest and smallest number what will we get?,134,134,150,174,226,,
61,  What will come in place of the question mark (?) in the following question? 112.36 + 225.05 + ? = 815.30,477.89,474.46,477.89,524.41,564.40,,
62,"  If 148 is multiplied first by 163 and then by 236, Which of the following numbers would come at the unit's place?",4,8,6,4,3,,
63,  What will come in place of (a) in the following expression? a - 796.21 + 498.05 = 215.50 â€“ 425.01,88.65,71.81,81.71,84.74,88.65,,
64,  The difference between a number and its two-fifth is 45. What is the number?,75,64,75,80,89,,
65,  8900 Ã· 6 Ã· 4 = ?,370.833,349,541.75,224.37,370.833,,
66,  The unit digit in the product (624 * 708 * 913 * 463) is:,8,2,5,6,8,,
67,  3/4th of a number exceeds its 2/3rd by 8. What is the number?,96,96,36,72,144,,
68,"   How many numbers between 100 and 600 are divisible by 2, 3, and 7 together?",12,11,12,14,cannot be determined,,
69,  3/4 part of tank is full of water. When 30 litres of water is taken out it becomes empty. The capacity of the tank is?,40 litres,36 litres,42 litres,40 litres,38 litres,,
70,  The sum of four consecutive integers is 1290. The greatest of them is?,324,321,322,323,324,,
71,  280 oranges are divided among some boys and girls whose total number is 50 so that each boy gets 5 oranges and each girl get 7 oranges. The number of girls is,15,30,35,15,20,,
72,  A boy was asked to multiply a number by 12. But he multiplied by 21 and got his answer 63 more than the correct answer. The number to be multiplied was,7,7,9,8,12,,
73,  The sum of 2 numbers is 36 and their product is 248. What will be the sum of their reciprocals?,9/62,9/62,65/248,212,248/36,,
74,"  In an area 2% families have 5 children each. But 8% have no children at all. Amongst the rest of the families 18% have 4 children and 27% have only one child. How many families live in the area, if 297 families have either 2 or 3 children each?",600,550,600,850,725,,
75,"  In a poultry farm having hens and pigs, Rohan can see 84 heads and 282 legs. How many hens are there?",27,54,30,27,57,,
76,  Square of difference between two numbers is 9 while the sum of squares of those two numbers is 225. What is their product?,108,108,125,169,96,,
77,  Average of 3 numbers is 87. The 1st number is 4 times the 2nd number and 5 times the 3rd number. What will be difference between first and third number?,144,99,144,132,169,,
78,"  Since Raj was not paying attention in class, instead of multiplying M by 3/4, he divided by 3/4. This led to a difference of 14 between the two answers. What is value of M?",24,12,30,24,10,,
79,"  If in a book a total of 3209 digits are used for numbering, then find out the total number of pages in the book.",1079,1079,1000,1100,1075,,
80,  A and B working separately can complete a piece of work in 9 and 12 days respectively. If they work alternatively starting from A in how many days will the work be completed?,10.25 days,10.25 days,11.5 days,12.75 days,9 days,,
81,"  What is the sum of this series? 1, 3, 5, 7, 9, ...... 99.",2500,2500,1500,3500,None of the above,,
82,"  What is the smallest number which is a perfect square and is divisible by 16, 20 and 24?",3600,2400,3600,7200,1600,,
83,  India has a run rate of 3.2 in the first 10 overs. What should be the run rate in remaining 40 overs to win a game of 282 runs?,6.25,6.25,5.5,7.25,8,,
84,"  Think of a number, divide it by 4 and add 9 to it. The result is 15. What is the number thought of?",24,24,25,26,27,,
85,  A pineapple costs Rs 7 each and a watermelon costs Rs. 5 each. If I spend Rs 38 on total what is the number of pineapple I purchased?,Data Inadequete,2,3,4,Data Inadequete,,
86,  Find the natural number nearest to 9217 which completely divides 88 without giving any remainder.,9240,9240,9064,9184,9152,,
87,"   A positive integer which when added to 100, gives a sum which is greater than when it is multiplied by 100. What is the number?",1,5,2,3,1,,
88,  The sum of two numbers is 73 and their difference is 28. Find the difference between their squares.,2044,101,45,2044,cannot be determined,,
89,"  If selling price of 40 articles is equal to cost price of 50 articles, the loss or gain percent is",25% gain,25% loss,20% loss,25% gain,20% gain,,
90,  Eleven bags are bought for Rs.1000 and sold at 10 for Rs.1100. What is the gain or loss in percentage?,21%,10%,21%,25%,20%,,
91,"  If selling price of 12 pens is equal to the cost price of 18 pens, find the profit percent.",50%,40%,33.3%,50%,25%,,
92,  A person sells a book for Rs. 11. He gains as many percent as its cost price in rupees. What is the cost price?,Rs. 10,Rs. 10,Rs. 12,Rs. 7.50,Rs. 5.50,,
93,  Shweta buys a product at 25% discount rate. At what % over the cost price should she sell the product to make an overall 25% profit over the listed price?,66.667,25,33.333,66.667,40,,
94,  C.P of 12 pens = S.P. of 8 pens. Calculate the gain percentage.,50%,25%,33%,37%,50%,,
95,  A person sold a stove for Rs. 423 and incurred a loss of 6%. At what price would it be sold so as to earn a profit of 8%?,Rs. 486,Rs. 525,Rs. 500,Rs. 490,Rs. 486,,
96,  A fruit seller buys lemons at 2 for a rupee and sells then at 5 for three rupees. His gain percent is,20%,10%,15%,20%,25%,,
97,"  A sells a car to B at 10% loss. If B sells it for Rs. 54000 and gains 20%, the cost price of the car for A was",Rs. 50000,Rs. 25000,Rs. 50000,Rs. 37500,Rs. 60000,,
98,"  Two bicycles were sold for Rs. 3990 each, gaining 5% on one and losing 5% on the other. The gain or loss percent on the whole transaction is",0.25% loss,Neither gain nor loss,2.5% gain,2.5% loss,0.25% loss,,
99,"  Chaman sells 40 fans at 10% profit. He wants a total of 20% profit on the entire sale. Since he got 160 fans at rate of Rs. 100 each, at what profit must he sell the remaining fans?",70/3%,70/3%,160/58%,30%,100/3%,,
100,  Uma wants to gain 15% profit on her sale of sugar. She buys 120 kg of sugar at Rs. 24 per kg to mix with 180 kg of sugar bought at Rs. 28 per kg. She sells the sugar mix at â€¦.,Rs. 9108,Rs. 8159,Rs. 9108,Rs. 9756,Rs. 8564,,
101,"  Rohit got profit of 11Â½% by selling his old car. However he realized that had he sold it for Rs. 8100 more, his profit would be 38.5%. At what price did he buy the car?",Rs. 30000,Rs. 44500,Rs. 55000,Rs. 41000,Rs. 30000,,
102,"  Rambabu sells paper planes at the rate of 20 planes for Re. 1. If he gets profit of 20%, how many planes did he buy in 1 rupee?",24,16,40,24,36,,
103,  A cheater manipulated his weighing machine so that it shows 1kg for 970 grams. How much profit does he get?,300/97%,397/100%,0.3 %,0.03%,300/97%,,
104,  Ajay incurred loss of 20% by selling a vase for Rs. 2880. To get a profit of 20% at what price should he sell the vase?,Rs. 4320,Rs. 4320,Rs. 5760,Rs. 1440,Rs. 3500,,
105,  A sold a car to B at a profit of 25%. B incurred loss of 15% while selling the same car to C. A spent Rs. 50000 for this car. At what price did C buy it?,Rs. 53125,Rs. 62500,Rs. 60000,Rs. 53125,Rs. 90000,,
106,"  What will be selling price, if cost price is Rs. 120 and gain is 35%?",Rs. 162,Rs. 135,Rs. 85,Rs. 155,Rs. 162,,
107,"  An article costs Rs. 600. What should be the marked price of an article so that after 10% discount, the trader makes 20% profit?",Rs. 800,Rs. 800,Rs. 950,Rs. 1100,Rs. 1040,,
108,"  A man buys 50 pens at marked price of 46 pens from a whole seller. If he sells these pens giving a discount of 1% , what is the profit percent?",7.6 %,5.3 %,7.6 %,10.6 %,12 %,,
109,"  By purchasing an article at 20 % discount on the original price and then selling it at a price of 25% above the original price, a trader earns Rs. 200 as the profit. What was the original price of the article?",Rs. 444.44,Rs. 444.44,Rs. 255.50,Rs. 100.10,Rs. 810,,
110,   Find the resultant profit if A sells a cupboard at a profit of 6% to B and B sells the same to C at a profit of 9%.,15.54%,15%,16%,14.5%,15.54%,,
111,"  Vijay sells a cupboard at 14% below cost price. Had he got Rs.2086 more, he would have made a profit of 14%. What is the cost price of the cupboard?",7450,7450,14900,7400,7500,,
112,"  If the money was put in for the same duration of time by A,B and C, three business partners and four times Aâ€™s capital is equal to 6 times Bâ€™s capital is equal to 10 times Câ€™s capital. Determine that out of a total profit of Rs 4650 what is Câ€™s share?",Rs 900,Rs 2250,Rs 1550,Rs 450,Rs 900,,
113,  The cost price of a particular amount of articles is same as the number of articles. Selling price of the articles comes out to be 20. Over the whole transaction 25% is gained. What is X?,16,15,18,16,20,,
114,  A trader purchases several articles at the rate of 13 for Rs. 10 and sells them at the rate of 10 for Rs. 13. What is his gain/loss?,69 % gain,69 % gain,56.25 % gain,56.25 % loss,25 % loss,,
115,"  A boy pays Rs. 369 for an article marked at Rs. 600, by enjoying two successive discounts. If the first discount is of 25%, how much should be the second discount?",18 %,20 %,10 %,25 %,18 %,,
116,"  If Harsh sold a match ticket for Rs.340 at a profit of 25%, at what price did he purchased the ticket?",272,280,255,300,272,,
117,   A shopkeeper sells his goods at cost price but uses a faulty meter that weighs 950 grams. Find the profit percent.,100/19%,100/17%,100/23%,100/19%,100/13%,,
118,   A boy incurs 5% loss by selling a book for Rs. 1000. At what price should the book be sold to earn 5 % profit?,Rs. 1105.26,Rs. 1105.26,Rs. 1251.50,Rs. 1085.13,Rs. 1885.13,,
119,  How many minimum number of square tiles are needed to cover a rectangular floor of dimension 5.25m and 5.10m completely?,1190,1190,1020,1080,1230,,
120,  Length of a rectangular ground is 15m more than its breadth. What will be its area if Length : Breadth is 7:4?,700 sq.m.,700 sq.m.,450 sq.m.,900 sq.m.,850 sq.m.,,
121,  The ratio of the areas of a square and rhombus whose base is same is:,1:1,1:2,2:1,1:1,3:1,,
122,"  If the length is increased by 25%, by what percent the width of a rectangle should be decreased so as to keep the area same.",20%,25%,20%,30%,10%,,
123,  Jayâ€™s room has a floor of 8m by 4m. He decides to tile the floor with tiles of 25cm x 20 cm. How many tiles will he need?,640 tiles,320 tiles,640 tiles,160 tiles,6.4 tiles,,
124,  Shyamâ€™s room has dimensions 6m x 5m x 4m. The room also has a door of dimension 2.5m x 1.2m and a window of dimensions 1m x 1m. What will be cost of painting the four walls of his room if rate of painting is Rs. 2 per sq.m.?,Rs. 168,Rs. 410,Rs. 84,Rs. 840,Rs. 168,,
125,  A rhombus has one of its diagonal 60% of the other. A square is drawn using the longer diagonal as side. What will be ratio of area of square to that of the rhombus?,10:3,3:10,2:3,10:3,3:2,,
126,  Anil has a rectangular farm and he builds a road along the border of the farm from outside. The road is 5m wide and has an area of 600 m2. What is ratio of breadth and length of the farm?,Cannot be determined,1:1,2:3,4:7,Cannot be determined,,
127,  What will be increase in area of an equilateral triangle if its side is increased by 20%?,44%,20%,40%,44%,33%,,
128,  Original breadth of a rectangular box is 20 cm. The box was then remade in such a way that its length got increased by 30% but the breadth decreased by 20%. This led to an increase in area by 100sq.cm. What is the new area of the box?,2600 sq.cm.,3600 sq.cm.,3200 sq.cm.,2600 sq.cm.,2500 sq.cm.,,
129,  A field with equal sides of 40m is full of grass. One cow is tied to each corner of the field by a rope of 14m. How much grass will not be eaten by those 4 cows?,984 sq.m,984 sq.m,1056 sq.m,1224 sq.m,856 sq.m,,
130,  Length of a rectangle is 12cm more than its breadth and it has a perimeter of 200cm. What will be diameter of a circle whose area matches the area of this rectangle?,56 cm,44 cm,56 cm,28 cm,45 cm,,
131,  A semicircle of 8 cm diameter has 3 equilateral triangles inscribed within it. What is the total area of the triangles?,432 sq.cm.,72 sq.cm.,192 sq.cm.,432 sq.cm.,122 sq.cm.,,
132,"  A man walks entirely around his semi-circular garden. What is the area of his garden, if he walks 324m?",6237 sq.m.,18 sq. m.,6237 sq.m.,5248 sq. m.,5368 sq. m.,,
133,  A rectangular margin has a length of 48cm and a total area of 840 sq.cm. The area becomes 2(6/7) times the initial area by just increasing the breadth. How much is the perimeter of the,1.96 m,1.69 m,1.85 m,1.96 m,2.25 m,,
134,"  A triangular ground has 8km, 10km and 6km as its sides. It is to be painted at the rate of Rs. 8 per sq.km. How much will it cost?",Rs. 192,Rs. 256,Rs. 3840,Rs. 384,Rs. 192,,
135,"  A wooden rectangular plank has dimensions 12m and 6 m. Three circular portions are cut from the plank having diameters 2m, 2m and 1m.How much area of the plank remains?",(288-9Ï€)/4 sq.m.,(288-9Ï€)/3 sq.m.,(288-3Ï€)/4 sq.m.,(72-9Ï€)/4 sq.m.,(288-9Ï€)/4 sq.m.,,
136,"  If a circle and a square have the same area, then what will be the perimeter of the square, if diameter of the circle is 8 cm.",16Ï€,4Ï€,32,4Ï€,16Ï€,,
137,  Ramesh runs along a circular park every day at a speed of 60m/min. One day he runs along the diameter with same speed and crosses the park. He needed 60 minutes less to cross the park. What is the radius of the park?,1680 m,1680 m,3600 m,1750 m,1530 m,,
138,  A plot has a concrete path within its borders on all sides having uniform width of 4m. The plot is rectangular with sides 20m and 15m. Charge of removing concrete is Rs. 6 per sq.m. How much is spent in removing all the concrete?,Rs. 1296,Rs. 1548,Rs. 1296,Rs. 1500,Rs. 1083,,
139,"  The least common multiple of two numbers is 168 and highest common factor of them is 12. If the difference between the numbers is 60, what is the sum of the numbers?",108,108,96,122,144,,
140,"  The L.C.M. of two numbers is 14560 and their H.C.F. is 13. If one of them is 416, the other is",455,460,455,450,445,,
141,"  What least number when divided by 36, 24 and 16 leaves 11 as remainder in each case?",155,36,133,144,155,,
142,"  What greatest number divides 17, 42 and 93 and leaves remainders 4, 3 and 15, respectively?",13,89,78,13,17,,
143,"  The L.C.M. Of 2, 2.7 and 0.09 is:",54,5.4,0.54,0.054,54,,
144,"  3 bells beep at an interval of 12, 20, and 35 minutes. If they beep together at 10 a.m., then they will again beep together at:",5 p.m.,12 p.m.,1 p.m.,4 p.m.,5 p.m.,,
145,"  The least number which is a multiple of 11 and when divided by 3, 5 and 9 leaves 2 as remainder:",407,297,319,407,None of these,,
146,"  LCM of two numbers is 495. HCF of these numbers is 5. If the sum of the numbers is 100, find out the difference between the two numbers.",10,15,12,10,20,,
147,  Greatest Common Divisor of two numbers is 8 while their Least Common Multiple is 144. Find the other number if one number is 16.,72,108,96,72,36,,
148,  LCM of two numbers is 138. But their GCD is 23. The numbers are in a ratio 1:6. Which is the largest number amongst the two?,138,46,138,69,23,,
149,  If least common multiple of two numbers is 225 and the highest common factor is 5 then find the numbers when one of the numbers is 25?,45,75,65,15,45,,
150,"  The greatest number of four digits which is divisible by 15, 25, 40, 75 is",9600,600,9000,9600,9400,,
151,"  What is the least number which when divided by the numbers 3, 5, 6, 8, 10 and 12 leaves in each case a remainder 2 but which when divided by 13 leaves no remainder?",1586,312,962,1586,1562,,
152,  When a number is divided by 893 the remainder is 193. What will be the remainder when it is divided by 47?,5,19,5,33,23,,
153,  The sum of two numbers is 156 and their HCF is 13. The numbers of such number pairs is,2,2,5,4,3,,
154,"  The greatest length of the scale that can measure exactly 30 cm, 90 cm, 1 m 20 cm and 1 m 35 cm lengths is",15cm,5 cm,10 cm,15cm,30 cm,,
155,"  What will be least number of marbles with Rohit if he can arrange them in rows of 18, 10 and 15 marbles each as well as make a perfect solid square out of all the marbles?",900,133,43,90,900,,
156,"  What least possible 4-digit number, when divided by 12, 16, 18 and 20 leaves 21 as remainder?",1461,36,133,144,1461,,
157,"  5 clocks ring automatically at intervals of 12 minutes, 8 minutes, 3 minutes, 4 minutes and 10 minutes, respectively. In 8 hours from the moment they start, how many times will they ring together?",4 times,12 times,5 times,3 times,4 times,,
158,"  What least number when divided by 20, 48 and 36 leaves the remainders 13, 41 and 29, respectively?",713,720,713,727,187,,
159,"  There are 3 equilateral triangles with sides 114cm, 76cm and 152 cm. What maximum size scale can measure them exactly?",38 cm,19 cm,21 cm,38 cm,None of the above,,
160,"  What largest number will divide 47, 35 and 27 leaving same remainder in each case? What will be the common remainder?","4, 3","9, 1","1, 9","4, 3","3, 4",,
161,"  What is HCF of  36/75, 48/150 , 72/135?",12/1350,12/1350,150/36,1350/36,72/225,,
162,  Rajesh had to arrange his books in uniform groups. He makes groups of 4 books each. But 3 books are left. He tries it with groups of 5 books each. But still 3 books are left. 3 books are still left when he tried with groups of 9 or 10 books each. How many books does he have?,183,90,180,900,183,,
163,  HCF and LCM of two numbers is 8 and 96. Sum of those numbers is 56. Then what is sum of their reciprocals?,7/96,1/56,7/96,1/96,1/8,,
164,"  What is LCM of  36/225, 48/150 , 72/65 ?",144/5,36/65,144/5,72/225,288/5,,
165,"  The ratio of two numbers is 5 : 6 and their LCM is 480, then their HCF is?",16,16,96,12,240,,
166,  The length and breadth of a rectangular floor are 16.25 metre and 12.75 metre respectively. Find how many minimum number of square tiles would be required to cover it completely?,3315,375,2570,2800,3315,,
167,"  3 birds fly along the circumference of a jungle. They complete one round in 27 minutes, 45 minutes and 63 minutes respectively. Since they start together, when will they meet again at the starting position?",945 minutes,945 minutes,126 minutes,135 minutes,9 hours,,
168,"  If (x - 4) is the HCF of x^2 - 8x + 15 and x^2 - kx +1 , then what is k?",4,8/15,4,5,15/8,,
169,  Tom wants to paste wallpaper on wall. The wall is 4.5m in length and 3.50m in height. But the wall should be covered completely only by square pieces of wallpaper having same size. What is the number of maximum sized wallpaper squares needed to cover the walls completely?,63,8,15.75,63,12,,
170,"  Find the least number which should be added to 2430 so that the sum is exactly divisible by 5, 4 and 2",10,3,10,13,33,,
171,  Rohan's age is five times Ajayâ€™s and seven-eighteenth of Meenaâ€™s age. The sum of the ages of all three of them is 132 years. How much younger is Ajay to Meena?,83 years,56 years,83 years,27 years,Cannot be determined,,
172,"  Ram and Shyamâ€™s average age is 65 years. The average age of Ram, Shyam and John is 53 years. What is the age of John?",29 years,29 years,31 years,59 years,45 years,,
173,"  The present ages of Aman and Nina are 59 and 37 years, respectively. What was the ratio of the ages of Nina and Aman 13 years ago?",12:23,3:2,46:25,12:23,8:3,,
174,  Total age of A and B is 12 years more than the total age of B and C. By how many years is C younger than A?,12 years,12 years,24 years,Data insufficient,None of these,,
175,  The average age of 10 students and their teacher is 15 years. The average age of the first seven students is 15 yr and that of the last three is 11 yr. What is the teacher's age?,27 years,33 years,30 years,27 years,24 years,,
176,  Rohan is as much younger than Ajay as he is older than Meena. The sum of ages of Ajay and Meena is 108 years. How old is Rohan?,52 years,32 years,64 years,52 years,36 years,,
177,"  Average age of a family of 4 members was 19 years, 4 years back. Birth of a new child kept the average age of the family same even today. How old is the child today?",3 years,4 years,1 year,2 years,3 years,,
178,"  12 years ago, age of P was 3 times the age of Q. After 12 years, ratio of ages of Q to P will be 2:3. What is the present age of P?",36 years,54 years,36 years,24 years,144 years,,
179,"  The present ages of A and B are 42 and 36 years, respectively. After K years, the ratio of ages of B to A will be 15:17.What is value of K?",9 years,9 years,12 years,5 years,3 years,,
180,"  A father is 4 times as old as his son. 8 years hence, the ratio of fatherâ€™s age to the sonâ€™s age will be 20:7. What is the sum of their present ages?",65,50,72,68,65,,
181,  The average age of a group of 4 friends is 36 years. The youngest friend amongst them is 6 years old. What was the average age of the group at the time of the birth of the youngest friend?,40 years,36 years,38 years,32 years,40 years,,
182,  Ram is three times as old as his Sam. 2 years ago he was five times as old as Sam. What is the present age of Ram?,12 years,12 years,14 years,18 years,24 years,,
183,"  At present, the ratio between the ages of Amit and Dhiraj is 5 : 4. After 6 years, Amitâ€™s age will be 26 years. What is the age of Dhiraj at present?",16 years,12 years,16 years,19 Â½ years,21 years,,
184,"  The average age of 19 boys and the class teacher is 16 years. If the ages of the class teacher and one of the boys are excluded, the average age reduces to 15 years. What is the age of the class teacher ?",Data Inadequate,40 years,36 years,31 years,Data Inadequate,,
185,  Neha's mother was four times her age 12 years ago. She will be twice as old as Neha 12 years from now. What is the present age of Neha's mother ?,60 years,49 years,57 years,60 years,65 years,,
186,"  15 years ago, a father was three times as old as his daughter. Now the father is only twice as old as his daughter. Find the sum of the present ages of daughter and father.",90,54,65,90,108,,
187,  Ramesh's age after 16 years will be 5 times his age 4 years back. What is the present age of Ramesh?,9 years,9 years,14 years,16 years,21 years,,
188,  A number is as much greater than 36 as is less than 80. Find the number.,58,32,36,49,58,,
189,"  The present ages of three persons are in proportions 4 : 7 : 9. Eight years ago, the sum of their ages was 76. Find their present ages (in years).","20, 35, 45","8, 20, 28","12, 21, 27","20, 35, 45",None of these,,
190,   My father was 30 years of age when my sister was born. My mother was 38 years of age when I was born. My sister was 6 years of age when my brother was born who is 3 years elder to me. What was the age of my father and mother during the birth of my brother?,"36, 35","41, 36","24, 28","28, 24","36, 35",,
191,"  Age of Umesh will be 4 times the age of Reena in 6 years from today. If ages of Umesh and Mahesh are 7 times and 6 times the age of Reena respectively, what is present age of Umesh?",42 years,64 years,30 years,48 years,42 years,,
192,  The sum of the ages of 4 children born at the intervals of the 3 years each is 58 years. What is the age of the youngest child?,10 years,4 years,6 years,8 years,10 years,,
193,  Rohan was 4 times as old as his son 6 years ago. After 6 years Rohan will be twice as old as his son. What is son's present age?,12 years,10 years,12 years,14 years,18 years,,
194,"  The ratio between the present ages of A and B is 3:5 respectively. If the difference between B's present age and A's age after 4 years is 2 , what is the total of A's and B's present ages?",24 years,24 years,32 year,48 years,cannot be determined,,
195,  What will be angle between the two hands of a clock at 10.25 pm?,162.5Â°,120Â°,146.5Â°,162.5Â°,126.45Â°,,
196,  When will the clockâ€™s hands be in a straight line but pointing in opposite directions between 2 am and 3 am?,43(7/11) minutes past 2 am,43(7/11) minutes past 2 am,25(1/11) minutes before 3 am,38(7/11) minutes before 3 am,50(5/11) minutes past 2 am,,
197,"  When will be both hands of a clock at right angle, between 8pm and 9pm?",27 (3/11) minutes past 8 pm,29 (8/11) minutes past 8 pm,27 (3/11) minutes past 8 pm,25 (7/11) minutes past 8 pm,24 (5/11) minutes before 9 pm,,
198,"  At what time between 7 o'clock and 8 o'clock, will the hands of a clock be together?",38(2/11) minutes past 7 oâ€™ clock,33(5/12) minutes past 7 oâ€™ clock,38(2/11) minutes past 7 oâ€™ clock,35(7/11) minutes past 8 oâ€™ clock,32(1/11) minutes before 8 oâ€™ clock,,
199,  Jaggu set an alarm on his clock for Monday 11 am. He set his clock correctly on Sunday 1 am. He was unaware that the clock gains 20 min every 24 hours. When his alarm went off what was the actual time?,31 minutes 40 seconds past 10 am,28 minutes 20 seconds before 10 am,28 minutes 20 seconds past 11 am,31 minutes 40 seconds past 11 am,31 minutes 40 seconds past 10 am,,
200,  Ramesh sets his grandfatherâ€™s clock to the right time at 2.00 am on Thursday. But he didnâ€™t know that the clock gains 20s for every 3 hours. What will the clock indicate on Friday night 6.30 pm?,6.34.30 pm,6.32.00 pm,6.32.46 pm,6.38.56 pm,6.34.30 pm,,
201,"  At what time after 9 am, do hands of clock make a right angle?",At 32(8/11) minutes past 9 am,At 32(8/11) minutes past 9 am,At 9 am,At 3 pm,At 29(8/11) minutes before 10 am,,
202,  The minute hand and hour hand of a clock meet every 62 minutes. Does the clock gain or lose in 24 hours. And how much does it lose or gain?,78(74/11) minutes,66(5/11) minutes,72(7/11) minutes,78(74/11) minutes,56(65/11) minutes,,
203,  What angle is formed between the minutes hand and secondsâ€™ hand of clock if they are 25 minutes apart?,150Â°,135Â°,110Â°,120Â°,150Â°,,
204,  Ramesh wants to set the clock hands 8 minutes apart between 10 o'clock and 11 o'clock. What would be the time shown in the clock if he does so?,43(9/11) minutes past 10 oâ€™ clock and 3(3/11) minutes past 11 oâ€™ clock,3(3/11) minutes before 11 oâ€™ clock and 63(3/11) minutes past 10 oâ€™ clock,43(9/11) minutes past 10 oâ€™ clock and 3(3/11) minutes past 11 oâ€™ clock,43(9/11) minutes past 10 oâ€™ clock and 58(9/11) minutes before 11 oâ€™ clock,43(9/11) minutes past 10 oâ€™ clock and 3(3/11) minutes before 11 oâ€™ clock,,
205,  What is the angle between the hour and minute hand at 3:40?,130,135,130,120,125,,
206,  How many times do the hands of the clock coincide in a day?,22,22,24,20,21,,
207,  P can do a job in 15 days. In how many days can P and Q together complete the job if Q is twice as fast as P?,5 days,3 days,5 days,2 days,6 days,,
208,  P can do a work in 30 days. Q is 25% more efficient than P in completing the same work. In how many days will Q complete the work?,24 days,37.5 days,22.5 days,20 days,24 days,,
209,"  A man can do a piece of work in 4 days, but with the help of his daughter, he can do it in 3 days. In what time can his daughter do it alone?",12 days,6 Â½ days,7 days,9 Â½ days,12 days,,
210,  A car consumes 210 liters of petrol weekly. For how many days will 1470 liters of petrol be sufficient?,49,48,49,50,52,,
211,"  Raj can build a house alone in 16 days but Suraj alone can build it in 12 days. Raj and Suraj work on alternate days. If Raj works on first day, the house will be built in how many days?",13(3/4) days,12.5 days,13(3/4) days,48/7 days,24/7 days,,
212,"  If Ram and Shyam together can build a house in 10 days; Ram and Arun can build it together in 12 days and Shyam and Arun can build it in 15 days. Shyam, Ram and Arun start working together. In how many days they build the house?",8 days,6 days,4 days,8 days,12 days,,
213,  Mahesh asked 32 men to build his house in 20 days. 80% of the work got completed in just 12 days. So Mahesh removed some workers. Now how many persons does he need to complete the remaining work in decided time?,12,12,20,32,16,,
214,  A takes twice as much time as B or thrice as much time as C to finish a piece of work; working together they can finish the work in 2 days. B can do the work alone in,6 days,12 days,4 days,8 days,6 days,,
215,  A can do 1/4th part of work in 10 days and B can do 40% work in 40 days  and C can do 1/3rd of the work in 13 days. Who will complete the work first?,C,A,B,C,A and C both,,
216,"  A and B can finish a piece of work in 30 days, B and C can finish it in 15 days, C and A in 10 days. Time taken by them together to do this work is?",10 days,5 days,2(1/2) days,7(1/2) days,10 days,,
217,"  P and Q can do a work in 12 days. Q and R can do the same work in 16 days, and R and P can do it in 24 days. Find the time in which P, Q and R can finish the work together.",10(2/3) days,9(3/4) days,10 days,11(1/4) days,10(2/3) days,,
218,  P and Q together can do a work in 18 days. P alone can do the same work in 27 days. In how many days can Q alone do the same work?,54 days,54 days,36 days,45 days,9 days,,
219,  35 men can make 70 toys in 8 days by working 8 hours a day. How many days will 56 men need to make 84 toys by working 12 hours every day?,4 days,6 days,4 days,2 days,3 days,,
220,"  If 24 men can finish a work in 10 days, then find the number of days required to complete the same work by 30 men?",8 days,8 days,6 days,3 days,7.5 days,,
221,"  A can complete a work in 12 days and B can complete in 8 days. A works for 8 hours every day while B works for 10 hours every day. If A and B together start working 8 hours per day, in how many days will they complete the work?",60/11 days,8 days,60/11 days,39/12 days,15/8 days,,
222,"  When P alone does a work, he takes 25 days more than the time taken by P and Q working together to complete the work. But Q alone takes 9 days more than the time taken by P and Q working together to complete the work. In what time, P and Q together finish this work?",15 days,18 days,20 days,25 days,15 days,,
223,"  A can do a work in 3 days. B can do the same work in 6 days and C can do the same work in 7 days. If they work together, in how many days will they take to complete the work?",14/9 Days,11/10 Days,15/16 Days,14/9 Days,16/7 Days,,
224,"  Sita and Gita can do a work in 20 days and 25 days, respectively. Both begin together but after a few days, Sita leaves. Then Gita finishes the remaining work in 10 days. After how many days did Sita leave?",6(2/3) Days,6(2/3) Days,5 Days,8(1/5) Days,10(2/5) Days,,
225,"  Meena can do a piece of work in 20 days. Kumar can do it in 30 days. They start working together on the work but 10 days before the completion of the work, Kumar leaves. In how many days does the total work get completed?",16 days,20 days,12 days,6 days,16 days,,
226,"  A can build a wall in the same time in which B and C together can do it. If A and B together could do it in 25 days and C alone in 35 days, in what time could B alone do it?",175 days,175 days,100 days,90 days,None of these,,
227,  A pack of people can complete a certain amount of work in 12 days. Two times the same number of persons will complete half of the work in?,3 days,12 days,3 days,4 days,6 days,,
228,"  12 men and 18 boys working 7.5 minutes an hour complete a particular piece of work in 60 hours. If a boyâ€™s work is half as efficient as a manâ€™s work, how many boys will be needed to help 21 men to achieve twice the work in 50 hours working 9 minutes in an hour.",42,42,46,48,38,,
229,"  5/8th of a job is completed in 10 days. If a person works at the same pace, how many days will he take to complete the job?",6,4,5,6,7,,
